id,Age%16-24,Age%25-34,Age%35-44,Age%45-54,Age%55-64,Age%65-74,Sex%m,Sex%f
1,0,1,0,0,0,0,1,0
2,0,0,0,0,1,0,0,1
3,0,0,0,1,0,0,0,1
4,0,0,0,1,0,0,1,0
5,0,0,0,1,0,0,1,0
6,0,0,0,1,0,0,0,1
7,1,0,0,0,0,0,0,1
8,0,0,0,0,0,1,1,0
9,0,0,1,0,0,0,0,1
10,0,1,0,0,0,0,1,0
11,1,0,0,0,0,0,0,1
12,1,0,0,0,0,0,0,1
13,0,0,0,0,0,1,0,1
14,0,0,0,0,1,0,0,1
15,0,1,0,0,0,0,1,0
16,0,0,0,0,0,1,0,1
17,0,1,0,0,0,0,0,1
18,0,0,0,0,1,0,0,1
19,0,0,0,0,1,0,1,0
20,0,0,0,1,0,0,1,0
21,0,0,0,0,0,1,1,0
22,0,1,0,0,0,0,1,0
23,0,0,0,0,1,0,1,0
24,0,0,0,0,0,1,1,0
25,0,0,0,0,1,0,0,1
26,0,0,0,0,0,1,1,0
27,0,0,0,0,0,1,1,0
28,0,0,0,1,0,0,1,0
29,0,0,0,0,0,1,0,1
30,0,0,1,0,0,0,0,1
31,0,0,1,0,0,0,1,0
32,0,0,0,0,1,0,1,0
33,0,0,0,0,0,1,1,0
34,0,0,0,0,0,1,1,0
35,0,0,0,0,0,1,0,1
36,0,0,0,0,0,1,1,0
37,0,0,0,1,0,0,0,1
38,0,0,0,0,0,1,0,1
39,0,0,0,0,0,1,0,1
40,0,0,0,0,1,0,1,0
41,0,0,0,1,0,0,1,0
42,0,1,0,0,0,0,1,0
43,0,1,0,0,0,0,0,1
44,0,0,0,1,0,0,1,0
45,0,0,0,1,0,0,1,0
46,0,0,1,0,0,0,0,1
47,0,0,0,1,0,0,1,0
48,1,0,0,0,0,0,0,1
49,0,0,1,0,0,0,0,1
50,0,0,0,0,1,0,1,0
51,0,0,0,0,0,1,0,1
52,1,0,0,0,0,0,0,1
53,0,0,0,0,0,1,0,1
54,0,0,0,0,1,0,1,0
55,0,0,0,0,1,0,1,0
56,0,0,0,0,0,1,1,0
57,1,0,0,0,0,0,1,0
58,0,0,0,0,1,0,0,1
59,1,0,0,0,0,0,0,1
60,1,0,0,0,0,0,0,1
61,0,0,0,1,0,0,0,1
62,0,1,0,0,0,0,0,1
63,0,0,1,0,0,0,0,1
64,0,0,0,0,1,0,0,1
65,0,0,0,1,0,0,0,1
66,0,0,0,0,1,0,0,1
67,0,0,0,0,1,0,0,1
68,0,0,0,1,0,0,0,1
69,0,1,0,0,0,0,0,1
70,0,0,1,0,0,0,1,0
71,0,0,0,0,0,1,0,1
72,0,0,0,1,0,0,1,0
73,0,0,0,1,0,0,0,1
74,0,0,1,0,0,0,1,0
75,0,0,0,1,0,0,0,1
76,0,0,0,1,0,0,1,0
77,0,0,1,0,0,0,1,0
78,0,0,0,0,0,1,1,0
79,1,0,0,0,0,0,1,0
80,1,0,0,0,0,0,1,0
81,0,0,0,1,0,0,0,1
82,0,0,0,0,0,1,1,0
83,0,0,0,1,0,0,1,0
84,0,0,0,0,1,0,0,1
85,1,0,0,0,0,0,0,1
86,1,0,0,0,0,0,0,1
87,1,0,0,0,0,0,1,0
88,0,0,0,1,0,0,1,0
89,0,1,0,0,0,0,0,1
90,0,0,0,0,1,0,0,1
91,1,0,0,0,0,0,1,0
92,0,0,0,0,1,0,1,0
93,0,0,0,0,1,0,1,0
94,0,0,0,1,0,0,0,1
95,0,0,0,0,1,0,0,1
96,0,1,0,0,0,0,0,1
97,1,0,0,0,0,0,0,1
98,0,0,0,0,0,1,0,1
99,0,0,1,0,0,0,1,0
100,0,0,1,0,0,0,0,1
101,1,0,0,0,0,0,1,0
102,0,1,0,0,0,0,0,1
103,0,0,0,1,0,0,1,0
104,0,0,0,1,0,0,0,1
105,0,0,0,1,0,0,0,1
106,1,0,0,0,0,0,1,0
107,0,0,0,1,0,0,0,1
108,1,0,0,0,0,0,0,1
109,0,0,0,1,0,0,1,0
110,0,0,0,0,1,0,0,1
111,0,1,0,0,0,0,1,0
112,0,0,0,1,0,0,0,1
113,0,0,1,0,0,0,0,1
114,0,1,0,0,0,0,1,0
115,0,0,0,1,0,0,1,0
116,0,1,0,0,0,0,1,0
117,1,0,0,0,0,0,0,1
118,0,0,0,1,0,0,0,1
119,0,0,0,1,0,0,0,1
120,0,0,1,0,0,0,0,1
121,0,1,0,0,0,0,0,1
122,0,0,0,1,0,0,0,1
123,0,0,0,1,0,0,0,1
124,0,0,0,1,0,0,0,1
125,0,0,0,1,0,0,0,1
126,0,0,0,1,0,0,0,1
127,0,0,0,1,0,0,0,1
128,0,0,0,0,0,1,1,0
129,0,0,0,1,0,0,0,1
130,0,0,0,1,0,0,0,1
131,0,0,1,0,0,0,0,1
132,0,0,0,0,1,0,1,0
133,0,0,0,1,0,0,0,1
134,1,0,0,0,0,0,0,1
135,0,0,0,0,1,0,1,0
136,0,0,1,0,0,0,0,1
137,0,0,0,1,0,0,0,1
138,0,0,0,0,1,0,1,0
139,0,0,1,0,0,0,0,1
140,0,0,1,0,0,0,1,0
141,0,0,0,0,1,0,0,1
142,0,0,1,0,0,0,0,1
143,0,0,0,0,0,1,1,0
144,0,0,0,1,0,0,0,1
145,0,0,1,0,0,0,1,0
146,0,0,0,1,0,0,1,0
147,0,0,0,0,0,1,1,0
148,0,0,0,1,0,0,1,0
149,0,0,0,1,0,0,0,1
150,0,0,0,0,1,0,1,0
151,0,0,1,0,0,0,1,0
152,0,0,0,0,1,0,1,0
153,0,0,0,1,0,0,1,0
154,0,0,0,0,1,0,0,1
155,0,0,1,0,0,0,0,1
156,0,0,1,0,0,0,1,0
157,0,1,0,0,0,0,1,0
158,0,0,1,0,0,0,1,0
159,0,1,0,0,0,0,1,0
160,0,0,1,0,0,0,1,0
161,0,0,1,0,0,0,1,0
162,0,0,0,0,0,1,0,1
163,0,0,0,1,0,0,0,1
164,0,0,0,1,0,0,0,1
165,0,0,0,0,1,0,1,0
166,0,0,1,0,0,0,0,1
167,1,0,0,0,0,0,1,0
168,0,0,0,1,0,0,0,1
169,0,0,1,0,0,0,0,1
170,0,0,0,0,0,1,0,1
171,0,0,1,0,0,0,0,1
172,0,0,0,1,0,0,0,1
173,0,0,0,1,0,0,0,1
174,0,1,0,0,0,0,0,1
175,0,0,0,0,1,0,0,1
176,0,0,0,0,0,1,1,0
177,0,1,0,0,0,0,0,1
178,0,1,0,0,0,0,1,0
179,0,0,0,0,1,0,1,0
180,0,0,0,0,1,0,0,1
181,0,1,0,0,0,0,0,1
182,1,0,0,0,0,0,1,0
183,0,0,0,0,1,0,0,1
184,0,1,0,0,0,0,0,1
185,0,0,1,0,0,0,0,1
186,0,1,0,0,0,0,0,1
187,0,0,1,0,0,0,0,1
188,0,0,1,0,0,0,0,1
189,0,0,0,0,1,0,1,0
190,0,0,1,0,0,0,1,0
191,0,0,1,0,0,0,0,1
192,0,0,0,0,1,0,1,0
193,0,0,1,0,0,0,0,1
194,0,0,0,1,0,0,0,1
195,1,0,0,0,0,0,1,0
196,0,0,0,0,1,0,1,0
197,0,0,0,0,0,1,1,0
198,0,0,0,1,0,0,1,0
199,0,0,0,0,0,1,1,0
200,0,0,0,0,0,1,0,1
201,1,0,0,0,0,0,1,0
202,0,0,0,1,0,0,0,1
203,0,0,0,1,0,0,1,0
204,0,0,0,0,1,0,1,0
205,0,0,0,0,1,0,0,1
206,0,0,1,0,0,0,1,0
207,0,0,0,1,0,0,0,1
208,0,0,1,0,0,0,0,1
209,0,0,1,0,0,0,1,0
210,0,0,0,0,1,0,0,1
211,0,0,0,1,0,0,0,1
212,0,0,0,1,0,0,1,0
213,0,0,0,0,1,0,1,0
214,0,1,0,0,0,0,0,1
215,0,0,0,0,0,1,1,0
216,0,0,0,0,0,1,1,0
217,0,1,0,0,0,0,1,0
218,0,0,0,1,0,0,0,1
219,0,0,0,1,0,0,0,1
220,0,0,0,0,1,0,0,1
221,0,0,0,1,0,0,0,1
222,0,0,0,1,0,0,1,0
223,1,0,0,0,0,0,0,1
224,0,0,0,0,0,1,0,1
225,0,0,1,0,0,0,1,0
226,0,0,0,0,0,1,0,1
227,0,0,0,0,1,0,1,0
228,0,1,0,0,0,0,0,1
229,0,0,1,0,0,0,1,0
230,0,0,0,0,1,0,0,1
231,0,0,0,0,1,0,0,1
232,0,1,0,0,0,0,1,0
233,0,1,0,0,0,0,0,1
234,0,0,1,0,0,0,1,0
235,0,0,0,1,0,0,0,1
236,0,1,0,0,0,0,0,1
237,1,0,0,0,0,0,0,1
238,0,0,0,0,1,0,1,0
239,0,0,0,0,1,0,0,1
240,0,0,0,0,0,1,0,1
241,0,0,1,0,0,0,0,1
242,0,0,0,1,0,0,0,1
243,0,1,0,0,0,0,0,1
244,0,0,0,1,0,0,0,1
245,0,0,0,0,0,1,0,1
246,0,0,0,1,0,0,1,0
247,1,0,0,0,0,0,0,1
248,0,0,0,1,0,0,1,0
249,0,0,0,1,0,0,0,1
250,0,0,1,0,0,0,0,1
251,1,0,0,0,0,0,1,0
252,0,0,0,0,1,0,0,1
253,0,0,0,1,0,0,1,0
254,0,1,0,0,0,0,0,1
255,0,1,0,0,0,0,1,0
256,0,0,0,0,0,1,0,1
257,0,0,0,1,0,0,0,1
258,0,0,1,0,0,0,1,0
259,0,1,0,0,0,0,1,0
260,0,1,0,0,0,0,1,0
261,0,0,1,0,0,0,0,1
262,0,1,0,0,0,0,0,1
263,0,0,0,1,0,0,1,0
264,1,0,0,0,0,0,1,0
265,0,1,0,0,0,0,1,0
266,0,0,1,0,0,0,1,0
267,0,0,0,1,0,0,0,1
268,0,1,0,0,0,0,0,1
269,0,1,0,0,0,0,1,0
270,0,1,0,0,0,0,0,1
271,0,0,1,0,0,0,1,0
272,0,0,0,0,1,0,0,1
273,0,1,0,0,0,0,1,0
274,0,0,0,1,0,0,0,1
275,0,0,0,0,1,0,1,0
276,0,0,1,0,0,0,0,1
277,0,1,0,0,0,0,1,0
278,0,0,0,1,0,0,0,1
279,0,0,0,1,0,0,1,0
280,0,0,0,1,0,0,0,1
281,0,0,1,0,0,0,0,1
282,0,1,0,0,0,0,0,1
283,0,1,0,0,0,0,0,1
284,0,0,0,1,0,0,1,0
285,0,1,0,0,0,0,0,1
286,0,1,0,0,0,0,0,1
287,1,0,0,0,0,0,0,1
288,1,0,0,0,0,0,1,0
289,0,1,0,0,0,0,1,0
290,0,0,0,1,0,0,0,1
291,1,0,0,0,0,0,1,0
292,1,0,0,0,0,0,0,1
293,0,1,0,0,0,0,0,1
294,0,0,1,0,0,0,0,1
295,1,0,0,0,0,0,1,0
296,0,0,0,1,0,0,1,0
297,0,0,0,1,0,0,0,1
298,0,1,0,0,0,0,0,1
299,0,1,0,0,0,0,1,0
300,0,1,0,0,0,0,0,1
301,0,0,1,0,0,0,1,0
302,0,0,1,0,0,0,0,1
303,0,0,0,1,0,0,1,0
304,0,0,0,0,0,1,0,1
305,0,0,1,0,0,0,1,0
306,0,0,1,0,0,0,0,1
307,0,0,0,0,1,0,0,1
308,0,1,0,0,0,0,0,1
309,0,0,0,0,0,1,0,1
310,0,1,0,0,0,0,1,0
311,0,0,0,0,1,0,0,1
312,0,0,0,1,0,0,0,1
313,0,0,0,0,1,0,1,0
314,0,1,0,0,0,0,0,1
315,0,0,0,0,1,0,1,0
316,0,0,1,0,0,0,0,1
317,0,0,0,0,0,1,0,1
318,0,0,1,0,0,0,0,1
319,0,0,0,0,1,0,0,1
320,0,0,0,1,0,0,1,0
321,0,0,0,0,0,1,0,1
322,0,0,0,1,0,0,1,0
323,0,0,0,0,1,0,1,0
324,0,0,0,0,0,1,1,0
325,0,0,0,0,1,0,1,0
326,0,1,0,0,0,0,0,1
327,0,1,0,0,0,0,0,1
328,0,0,0,0,1,0,0,1
329,0,0,0,0,0,1,0,1
330,0,0,1,0,0,0,0,1
331,0,0,0,0,0,1,1,0
332,0,0,0,0,1,0,0,1
333,0,0,1,0,0,0,0,1
334,0,0,1,0,0,0,0,1
335,0,0,0,0,0,1,0,1
336,0,0,0,1,0,0,0,1
337,0,0,1,0,0,0,0,1
338,0,1,0,0,0,0,0,1
339,0,1,0,0,0,0,1,0
340,1,0,0,0,0,0,1,0
341,0,0,1,0,0,0,1,0
342,0,1,0,0,0,0,0,1
343,0,1,0,0,0,0,1,0
344,0,0,0,0,1,0,0,1
345,0,0,0,0,1,0,0,1
346,0,1,0,0,0,0,0,1
347,0,0,1,0,0,0,0,1
348,0,1,0,0,0,0,1,0
349,0,0,0,1,0,0,0,1
350,0,0,0,0,1,0,1,0
351,0,0,1,0,0,0,0,1
352,1,0,0,0,0,0,0,1
353,0,0,0,0,0,1,1,0
354,0,0,0,0,1,0,0,1
355,0,0,0,1,0,0,1,0
356,0,0,1,0,0,0,0,1
357,0,0,0,0,1,0,1,0
358,0,0,0,0,1,0,1,0
359,0,1,0,0,0,0,1,0
360,1,0,0,0,0,0,0,1
361,0,0,1,0,0,0,0,1
362,0,0,1,0,0,0,0,1
363,0,1,0,0,0,0,0,1
364,0,0,0,1,0,0,0,1
365,0,0,1,0,0,0,1,0
366,0,1,0,0,0,0,1,0
367,0,0,0,0,1,0,0,1
368,0,0,0,0,1,0,1,0
369,0,0,0,0,1,0,0,1
370,0,0,0,0,1,0,0,1
371,0,1,0,0,0,0,1,0
372,0,0,0,0,1,0,0,1
373,0,0,1,0,0,0,0,1
374,0,0,1,0,0,0,0,1
375,0,1,0,0,0,0,0,1
376,0,0,0,1,0,0,0,1
377,0,0,1,0,0,0,0,1
378,0,1,0,0,0,0,0,1
379,1,0,0,0,0,0,1,0
380,0,0,1,0,0,0,1,0
381,0,0,0,1,0,0,0,1
382,0,1,0,0,0,0,0,1
383,0,0,0,0,0,1,1,0
384,0,1,0,0,0,0,1,0
385,0,0,0,1,0,0,0,1
386,0,0,0,0,1,0,1,0
387,0,0,0,1,0,0,0,1
388,0,0,0,0,1,0,0,1
389,0,0,0,0,1,0,0,1
390,0,1,0,0,0,0,1,0
391,0,0,0,1,0,0,1,0
392,0,0,1,0,0,0,0,1
393,0,1,0,0,0,0,0,1
394,0,0,1,0,0,0,0,1
395,1,0,0,0,0,0,0,1
396,0,0,0,0,1,0,1,0
397,0,1,0,0,0,0,0,1
398,0,1,0,0,0,0,0,1
399,1,0,0,0,0,0,1,0
400,0,0,0,0,0,1,1,0
401,1,0,0,0,0,0,0,1
402,0,0,0,0,0,1,0,1
403,0,0,0,0,1,0,0,1
404,0,0,1,0,0,0,0,1
405,0,0,1,0,0,0,0,1
406,0,1,0,0,0,0,0,1
407,0,1,0,0,0,0,0,1
408,0,1,0,0,0,0,0,1
409,0,0,1,0,0,0,0,1
410,0,0,0,1,0,0,0,1
411,0,1,0,0,0,0,0,1
412,1,0,0,0,0,0,0,1
413,0,0,0,0,1,0,0,1
414,0,0,1,0,0,0,0,1
415,0,0,1,0,0,0,1,0
416,1,0,0,0,0,0,1,0
417,1,0,0,0,0,0,0,1
418,0,0,1,0,0,0,0,1
419,0,1,0,0,0,0,0,1
420,0,0,0,1,0,0,1,0
421,0,0,1,0,0,0,1,0
422,0,0,1,0,0,0,0,1
423,0,0,1,0,0,0,1,0
424,0,0,1,0,0,0,0,1
425,0,0,0,1,0,0,0,1
426,0,0,0,0,0,1,1,0
427,1,0,0,0,0,0,1,0
428,0,0,0,1,0,0,1,0
429,0,0,0,0,0,1,1,0
430,1,0,0,0,0,0,0,1
431,0,1,0,0,0,0,0,1
432,0,1,0,0,0,0,0,1
433,0,1,0,0,0,0,0,1
434,0,0,1,0,0,0,1,0
435,0,1,0,0,0,0,0,1
436,0,0,0,1,0,0,1,0
437,0,1,0,0,0,0,0,1
438,0,0,0,1,0,0,1,0
439,0,0,0,1,0,0,1,0
440,0,1,0,0,0,0,0,1
441,0,0,0,1,0,0,1,0
442,0,0,0,0,1,0,1,0
443,0,0,0,0,0,1,0,1
444,0,0,0,0,0,1,1,0
445,0,0,0,0,0,1,1,0
446,1,0,0,0,0,0,0,1
447,0,0,0,0,0,1,0,1
448,1,0,0,0,0,0,0,1
449,0,1,0,0,0,0,1,0
450,0,0,0,0,0,1,0,1
451,0,0,0,0,1,0,0,1
452,0,0,0,1,0,0,0,1
453,0,0,1,0,0,0,1,0
454,0,1,0,0,0,0,1,0
455,0,1,0,0,0,0,0,1
456,0,0,1,0,0,0,0,1
457,0,1,0,0,0,0,0,1
458,0,0,0,0,1,0,0,1
459,0,1,0,0,0,0,0,1
460,0,0,0,1,0,0,1,0
461,0,0,1,0,0,0,1,0
462,0,0,0,1,0,0,1,0
463,1,0,0,0,0,0,0,1
464,0,0,0,1,0,0,0,1
465,0,0,0,1,0,0,0,1
466,0,0,0,1,0,0,0,1
467,0,0,1,0,0,0,0,1
468,0,0,0,1,0,0,0,1
469,0,0,0,0,1,0,0,1
470,0,0,0,1,0,0,0,1
471,0,1,0,0,0,0,1,0
472,0,0,0,0,1,0,1,0
473,1,0,0,0,0,0,0,1
474,0,0,0,1,0,0,0,1
475,1,0,0,0,0,0,0,1
476,0,0,0,0,1,0,1,0
477,0,0,0,1,0,0,0,1
478,0,0,0,1,0,0,1,0
479,0,1,0,0,0,0,1,0
480,0,0,1,0,0,0,1,0
481,0,0,1,0,0,0,0,1
482,0,1,0,0,0,0,0,1
483,0,1,0,0,0,0,1,0
484,0,1,0,0,0,0,1,0
485,0,1,0,0,0,0,1,0
486,0,0,0,1,0,0,1,0
487,0,0,0,1,0,0,0,1
488,0,0,1,0,0,0,1,0
489,0,0,0,1,0,0,0,1
490,0,0,0,1,0,0,0,1
491,0,0,0,0,1,0,0,1
492,0,0,0,0,1,0,1,0
493,0,0,0,1,0,0,0,1
494,0,0,1,0,0,0,1,0
495,0,0,0,1,0,0,0,1
496,0,0,0,0,0,1,0,1
497,0,0,0,1,0,0,1,0
498,0,0,0,0,1,0,0,1
499,0,0,1,0,0,0,1,0
500,0,0,0,1,0,0,1,0
501,0,0,1,0,0,0,0,1
502,0,0,0,1,0,0,1,0
503,0,0,1,0,0,0,0,1
504,0,0,0,0,0,1,0,1
505,0,0,0,1,0,0,1,0
506,0,0,0,1,0,0,0,1
507,0,0,1,0,0,0,1,0
508,0,0,0,0,1,0,1,0
509,0,1,0,0,0,0,1,0
510,0,0,0,0,1,0,0,1
511,0,0,0,0,1,0,0,1
512,0,0,1,0,0,0,1,0
513,0,0,1,0,0,0,0,1
514,0,0,0,0,1,0,1,0
515,0,0,0,0,0,1,0,1
516,0,0,0,1,0,0,1,0
517,0,0,1,0,0,0,0,1
518,0,0,0,1,0,0,0,1
519,0,0,1,0,0,0,1,0
520,0,0,1,0,0,0,0,1
521,0,1,0,0,0,0,0,1
522,0,0,0,0,0,1,0,1
523,0,0,0,0,0,1,1,0
524,0,0,0,0,0,1,0,1
525,0,0,1,0,0,0,0,1
526,0,0,0,1,0,0,1,0
527,0,0,0,0,0,1,1,0
528,0,0,1,0,0,0,1,0
529,0,1,0,0,0,0,1,0
530,0,1,0,0,0,0,1,0
531,0,1,0,0,0,0,1,0
532,0,0,0,0,0,1,0,1
533,0,0,0,1,0,0,1,0
534,0,0,1,0,0,0,1,0
535,0,0,1,0,0,0,1,0
536,0,0,0,0,0,1,1,0
537,0,0,0,0,0,1,1,0
538,0,0,1,0,0,0,1,0
539,0,0,1,0,0,0,0,1
540,0,0,0,0,1,0,1,0
541,0,0,0,0,0,1,1,0
542,0,0,1,0,0,0,0,1
543,0,0,0,0,1,0,0,1
544,1,0,0,0,0,0,1,0
545,0,1,0,0,0,0,0,1
546,1,0,0,0,0,0,0,1
547,0,0,1,0,0,0,0,1
548,0,0,1,0,0,0,1,0
549,0,0,0,1,0,0,0,1
550,0,0,0,1,0,0,1,0
551,0,0,1,0,0,0,0,1
552,0,0,0,0,1,0,0,1
553,0,0,1,0,0,0,1,0
554,1,0,0,0,0,0,0,1
555,0,0,0,0,1,0,1,0
556,0,0,0,1,0,0,1,0
557,0,0,0,0,1,0,1,0
558,0,1,0,0,0,0,0,1
559,0,0,1,0,0,0,0,1
560,0,0,1,0,0,0,0,1
561,0,0,0,1,0,0,1,0
562,0,0,0,1,0,0,0,1
563,0,1,0,0,0,0,0,1
564,0,0,1,0,0,0,1,0
565,0,0,1,0,0,0,0,1
566,0,0,0,1,0,0,1,0
567,0,0,0,0,0,1,1,0
568,1,0,0,0,0,0,1,0
569,0,0,0,1,0,0,1,0
570,0,0,0,1,0,0,1,0
571,0,0,0,0,0,1,0,1
572,0,0,1,0,0,0,1,0
573,0,0,1,0,0,0,1,0
574,1,0,0,0,0,0,0,1
575,1,0,0,0,0,0,0,1
576,1,0,0,0,0,0,1,0
577,0,0,1,0,0,0,1,0
578,1,0,0,0,0,0,0,1
579,0,0,0,0,1,0,1,0
580,0,0,0,1,0,0,1,0
581,1,0,0,0,0,0,1,0
582,1,0,0,0,0,0,1,0
583,0,1,0,0,0,0,1,0
584,0,0,1,0,0,0,0,1
585,0,0,0,1,0,0,0,1
586,0,0,0,1,0,0,0,1
587,0,0,0,0,0,1,0,1
588,0,0,1,0,0,0,1,0
589,0,0,0,0,0,1,0,1
590,0,0,1,0,0,0,0,1
591,0,0,0,1,0,0,1,0
592,0,1,0,0,0,0,0,1
593,0,0,0,1,0,0,1,0
594,0,1,0,0,0,0,1,0
595,0,1,0,0,0,0,1,0
596,0,0,0,0,0,1,0,1
597,0,0,1,0,0,0,1,0
598,0,0,0,0,1,0,1,0
599,0,0,1,0,0,0,0,1
600,0,0,0,0,1,0,0,1
601,0,0,1,0,0,0,0,1
602,0,0,1,0,0,0,0,1
603,0,0,0,0,1,0,0,1
604,0,0,0,0,1,0,0,1
605,0,1,0,0,0,0,0,1
606,0,0,1,0,0,0,0,1
607,0,0,0,1,0,0,1,0
608,0,0,0,1,0,0,0,1
609,0,0,0,0,1,0,1,0
610,0,0,0,0,1,0,0,1
611,0,0,0,1,0,0,0,1
612,0,1,0,0,0,0,1,0
613,0,1,0,0,0,0,1,0
614,1,0,0,0,0,0,0,1
615,0,0,0,0,0,1,0,1
616,1,0,0,0,0,0,0,1
617,0,0,1,0,0,0,0,1
618,1,0,0,0,0,0,0,1
619,1,0,0,0,0,0,0,1
620,1,0,0,0,0,0,0,1
621,0,1,0,0,0,0,0,1
622,0,1,0,0,0,0,0,1
623,0,0,0,0,1,0,0,1
624,0,0,0,0,1,0,0,1
625,0,0,1,0,0,0,0,1
626,0,1,0,0,0,0,1,0
627,1,0,0,0,0,0,0,1
628,1,0,0,0,0,0,0,1
629,0,0,0,0,0,1,0,1
630,0,0,0,0,1,0,0,1
631,1,0,0,0,0,0,0,1
632,0,0,0,0,0,1,1,0
633,0,0,0,0,1,0,0,1
634,0,0,0,0,0,1,0,1
635,0,1,0,0,0,0,0,1
636,1,0,0,0,0,0,0,1
637,0,0,0,0,1,0,1,0
638,0,0,0,0,1,0,1,0
639,0,1,0,0,0,0,1,0
640,0,0,0,1,0,0,0,1
641,0,0,0,1,0,0,1,0
642,0,0,0,0,0,1,1,0
643,0,1,0,0,0,0,0,1
644,0,0,0,0,1,0,1,0
645,0,0,0,0,0,1,1,0
646,0,1,0,0,0,0,1,0
647,0,0,0,0,1,0,0,1
648,0,0,0,0,1,0,0,1
649,0,1,0,0,0,0,1,0
650,0,0,0,0,0,1,0,1
651,0,0,1,0,0,0,1,0
652,0,0,0,1,0,0,1,0
653,0,0,0,1,0,0,0,1
654,0,0,0,0,1,0,0,1
655,1,0,0,0,0,0,0,1
656,0,0,0,0,1,0,0,1
657,0,1,0,0,0,0,0,1
658,0,0,0,0,1,0,1,0
659,0,0,0,0,1,0,0,1
660,0,1,0,0,0,0,1,0
661,0,0,1,0,0,0,0,1
662,0,1,0,0,0,0,1,0
663,1,0,0,0,0,0,1,0
664,0,0,1,0,0,0,1,0
665,0,0,0,0,0,1,0,1
666,0,0,0,1,0,0,0,1
667,0,0,0,1,0,0,0,1
668,1,0,0,0,0,0,0,1
669,0,0,0,1,0,0,1,0
670,0,0,0,0,0,1,0,1
671,1,0,0,0,0,0,0,1
672,0,1,0,0,0,0,1,0
673,0,0,0,0,0,1,0,1
674,0,0,0,1,0,0,1,0
675,0,1,0,0,0,0,1,0
676,0,0,0,1,0,0,0,1
677,0,0,0,1,0,0,1,0
678,0,0,1,0,0,0,0,1
679,0,0,0,0,1,0,1,0
680,0,0,0,0,0,1,1,0
681,0,0,0,0,0,1,0,1
682,0,0,0,1,0,0,0,1
683,0,0,0,0,1,0,0,1
684,0,0,0,0,1,0,1,0
685,0,1,0,0,0,0,0,1
686,0,0,1,0,0,0,1,0
687,0,0,0,0,0,1,1,0
688,0,0,0,1,0,0,0,1
689,0,0,0,0,1,0,1,0
690,0,0,0,1,0,0,0,1
691,0,0,0,0,1,0,0,1
692,0,0,0,0,0,1,0,1
693,0,0,0,0,1,0,0,1
694,0,0,0,0,1,0,1,0
695,0,0,0,0,1,0,1,0
696,1,0,0,0,0,0,0,1
697,0,0,0,1,0,0,0,1
698,0,1,0,0,0,0,1,0
699,0,0,1,0,0,0,1,0
700,0,0,0,0,0,1,1,0
701,1,0,0,0,0,0,0,1
702,0,0,0,0,0,1,0,1
703,0,0,0,1,0,0,1,0
704,0,1,0,0,0,0,0,1
705,0,0,0,0,1,0,0,1
706,0,0,0,0,1,0,1,0
707,1,0,0,0,0,0,0,1
708,0,0,0,0,0,1,1,0
709,0,0,0,1,0,0,1,0
710,0,0,0,0,1,0,1,0
711,0,0,0,0,1,0,0,1
712,0,0,0,1,0,0,1,0
713,0,0,0,0,1,0,0,1
714,0,0,0,0,0,1,1,0
715,0,0,0,1,0,0,0,1
716,1,0,0,0,0,0,1,0
717,1,0,0,0,0,0,0,1
718,0,0,0,0,1,0,1,0
719,0,0,0,0,1,0,0,1
720,0,1,0,0,0,0,1,0
721,0,0,0,1,0,0,1,0
722,0,0,0,0,0,1,0,1
723,0,0,0,0,0,1,1,0
724,0,0,0,0,1,0,1,0
725,0,0,0,0,0,1,1,0
726,0,1,0,0,0,0,1,0
727,0,1,0,0,0,0,0,1
728,0,0,1,0,0,0,0,1
729,1,0,0,0,0,0,0,1
730,0,0,0,1,0,0,0,1
731,0,1,0,0,0,0,1,0
732,0,0,0,1,0,0,0,1
733,0,0,0,0,0,1,1,0
734,1,0,0,0,0,0,0,1
735,0,0,1,0,0,0,1,0
736,0,0,0,1,0,0,1,0
737,0,1,0,0,0,0,0,1
738,0,0,0,1,0,0,0,1
739,0,0,0,0,0,1,0,1
740,0,0,0,1,0,0,1,0
741,0,0,0,0,1,0,0,1
742,0,0,1,0,0,0,0,1
743,0,0,0,0,0,1,1,0
744,0,0,0,0,0,1,0,1
745,0,0,0,0,1,0,1,0
746,0,0,0,0,0,1,0,1
747,0,0,0,0,0,1,0,1
748,0,1,0,0,0,0,1,0
749,0,0,0,1,0,0,0,1
750,0,0,1,0,0,0,1,0
751,0,1,0,0,0,0,0,1
752,0,0,0,1,0,0,1,0
753,0,0,0,1,0,0,0,1
754,0,0,0,0,0,1,1,0
755,0,0,0,0,1,0,1,0
756,0,0,0,0,0,1,0,1
757,0,0,0,1,0,0,0,1
758,0,0,0,0,1,0,1,0
759,0,0,1,0,0,0,0,1
760,0,0,0,1,0,0,1,0
761,0,1,0,0,0,0,0,1
762,0,0,0,1,0,0,0,1
763,1,0,0,0,0,0,0,1
764,0,0,1,0,0,0,1,0
765,0,0,1,0,0,0,0,1
766,0,0,0,0,1,0,0,1
767,0,0,0,0,1,0,1,0
768,0,0,1,0,0,0,1,0
769,1,0,0,0,0,0,1,0
770,0,1,0,0,0,0,0,1
771,0,0,0,1,0,0,1,0
772,0,0,0,1,0,0,1,0
773,0,0,0,0,1,0,1,0
774,0,0,0,0,1,0,1,0
775,0,0,1,0,0,0,0,1
776,0,0,0,1,0,0,1,0
777,0,1,0,0,0,0,0,1
778,0,0,0,1,0,0,0,1
779,0,0,0,0,1,0,1,0
780,0,0,0,1,0,0,1,0
781,0,0,0,1,0,0,0,1
782,0,1,0,0,0,0,1,0
783,0,0,0,0,1,0,1,0
784,0,1,0,0,0,0,0,1
785,1,0,0,0,0,0,1,0
786,0,0,1,0,0,0,0,1
787,0,0,1,0,0,0,1,0
788,0,0,0,0,0,1,0,1
789,0,0,0,0,0,1,1,0
790,0,0,1,0,0,0,1,0
791,0,0,0,0,1,0,0,1
792,0,0,0,0,0,1,1,0
793,0,0,1,0,0,0,0,1
794,0,0,1,0,0,0,1,0
795,0,0,0,1,0,0,1,0
796,0,0,1,0,0,0,0,1
797,0,1,0,0,0,0,1,0
798,0,0,0,0,1,0,1,0
799,1,0,0,0,0,0,1,0
800,1,0,0,0,0,0,1,0
801,0,0,1,0,0,0,0,1
802,0,1,0,0,0,0,0,1
803,0,1,0,0,0,0,1,0
804,0,1,0,0,0,0,0,1
805,0,0,0,0,1,0,0,1
806,0,0,0,1,0,0,0,1
807,1,0,0,0,0,0,1,0
808,0,1,0,0,0,0,0,1
809,0,1,0,0,0,0,0,1
810,0,1,0,0,0,0,0,1
811,0,0,0,1,0,0,1,0
812,1,0,0,0,0,0,0,1
813,0,1,0,0,0,0,0,1
814,0,1,0,0,0,0,1,0
815,0,0,0,1,0,0,1,0
816,0,0,0,0,0,1,1,0
817,0,0,0,0,1,0,1,0
818,1,0,0,0,0,0,0,1
819,0,0,0,0,1,0,0,1
820,0,0,0,1,0,0,1,0
821,0,0,1,0,0,0,1,0
822,0,0,0,1,0,0,0,1
823,0,0,0,0,0,1,0,1
824,0,0,0,0,1,0,0,1
825,0,0,0,0,1,0,0,1
826,0,1,0,0,0,0,0,1
827,0,0,1,0,0,0,0,1
828,1,0,0,0,0,0,0,1
829,0,0,0,0,0,1,1,0
830,0,0,1,0,0,0,0,1
831,0,0,0,1,0,0,0,1
832,0,0,0,1,0,0,0,1
833,0,1,0,0,0,0,0,1
834,0,0,0,0,1,0,1,0
835,1,0,0,0,0,0,0,1
836,0,1,0,0,0,0,1,0
837,0,0,1,0,0,0,1,0
838,0,0,0,1,0,0,1,0
839,0,0,0,0,1,0,1,0
840,0,0,0,1,0,0,1,0
841,0,0,1,0,0,0,1,0
842,0,0,0,0,0,1,0,1
843,0,0,0,0,1,0,1,0
844,0,0,0,0,1,0,1,0
845,0,0,0,0,0,1,0,1
846,0,0,0,1,0,0,0,1
847,0,1,0,0,0,0,0,1
848,0,0,0,1,0,0,0,1
849,0,0,0,0,0,1,0,1
850,0,0,0,0,0,1,1,0
851,0,0,0,0,1,0,0,1
852,0,0,1,0,0,0,0,1
853,1,0,0,0,0,0,1,0
854,0,0,1,0,0,0,0,1
855,0,0,0,0,0,1,0,1
856,0,0,0,0,1,0,1,0
857,0,0,0,0,0,1,1,0
858,0,0,1,0,0,0,1,0
859,0,0,0,0,0,1,1,0
860,1,0,0,0,0,0,0,1
861,0,0,1,0,0,0,0,1
862,0,0,1,0,0,0,1,0
863,0,1,0,0,0,0,0,1
864,0,0,1,0,0,0,1,0
865,0,1,0,0,0,0,0,1
866,0,1,0,0,0,0,1,0
867,0,1,0,0,0,0,1,0
868,0,0,0,0,0,1,0,1
869,0,0,0,0,1,0,1,0
870,0,0,1,0,0,0,0,1
871,0,1,0,0,0,0,1,0
872,0,0,1,0,0,0,0,1
873,0,1,0,0,0,0,0,1
874,0,0,0,0,1,0,0,1
875,0,1,0,0,0,0,0,1
876,0,0,0,0,1,0,0,1
877,0,0,1,0,0,0,1,0
878,1,0,0,0,0,0,0,1
879,1,0,0,0,0,0,0,1
880,1,0,0,0,0,0,0,1
881,0,0,0,0,0,1,1,0
882,1,0,0,0,0,0,0,1
883,0,0,1,0,0,0,1,0
884,0,1,0,0,0,0,0,1
885,1,0,0,0,0,0,1,0
886,0,0,0,1,0,0,0,1
887,0,0,0,0,0,1,0,1
888,0,0,1,0,0,0,1,0
889,0,1,0,0,0,0,0,1
890,0,1,0,0,0,0,0,1
891,0,0,0,1,0,0,0,1
892,0,1,0,0,0,0,0,1
893,0,1,0,0,0,0,1,0
894,0,0,0,0,0,1,1,0
895,0,0,1,0,0,0,1,0
896,0,0,1,0,0,0,0,1
897,0,0,0,0,1,0,0,1
898,0,0,0,0,0,1,1,0
899,0,0,0,1,0,0,0,1
900,0,0,0,0,0,1,0,1
901,0,0,1,0,0,0,0,1
902,0,0,1,0,0,0,1,0
903,1,0,0,0,0,0,0,1
904,0,0,0,1,0,0,0,1
905,0,1,0,0,0,0,0,1
906,0,0,0,1,0,0,1,0
907,1,0,0,0,0,0,1,0
908,0,0,0,0,0,1,0,1
909,0,0,1,0,0,0,0,1
910,0,0,0,0,1,0,1,0
911,1,0,0,0,0,0,0,1
912,0,0,0,0,1,0,1,0
913,0,0,0,1,0,0,0,1
914,0,0,0,1,0,0,0,1
915,0,0,0,0,1,0,0,1
916,0,1,0,0,0,0,1,0
